<application>
  <component name="ExportableFileTemplateSettings">
    <default_templates>
      <template name="ApplicationWithRepository.kt" reformat="true" live-template-enabled="false">
        <template name="ApplicationWithRepository.kt.child.0.kt" file-name="${RepositoryClass}" reformat="true" live-template-enabled="true" />
      </template>
      <template name="ApplicationWithRepository.kt.child.0.kt" file-name="${RepositoryClass}" reformat="true" live-template-enabled="true" />
      <template name="RoomDatabase.kt" file-name="${NAME}Database" reformat="true" live-template-enabled="true">
        <template name="RoomDatabase.kt.child.0.kt" file-name="${NAME}Dao" reformat="true" live-template-enabled="false" />
        <template name="RoomDatabase.kt.child.1.kt" file-name="${NAME}TypeConverters" reformat="true" live-template-enabled="false" />
      </template>
      <template name="RoomDatabase.kt.child.0.kt" file-name="${NAME}Dao" reformat="true" live-template-enabled="false" />
      <template name="RoomDatabase.kt.child.1.kt" file-name="${NAME}TypeConverters" reformat="true" live-template-enabled="false" />
    </default_templates>
  </component>
</application>